"Country or Area","SNA93 Table Code","Sub Group","Item","SNA93 Item Code","Year","Series","Currency","SNA System","Fiscal Year Type","Value","Value Footnotes"
"Greece","3.2","Individual consumption expenditure of households","Equals: Household final consumption expenditure","P.31","2016","1000","Euro","2008","Western calendar year","119252830259",""
"Greece","3.2","Individual consumption expenditure of non-profit institutions serving households (NPISHs)","Equals: NPISHs final consumption expenditure","P.31/13","2016","1000","Euro","2008","Western calendar year","4778670474",""
"Greece","3.2","Individual consumption expenditure of general government","Equals: Individual consumption expenditure of general government","P.31/14","2016","1000","Euro","2008","Western calendar year","15510834218",""
"Greece","3.2","","Equals: Total actual individual consumption","P.41","2016","1000","Euro","2008","Western calendar year","139542334951",""
"Greece","3.2","Individual consumption expenditure of households","Food and non-alcoholic beverages","01","2015","1000","Euro","2008","Western calendar year","21621301723",""
"Greece","3.2","Individual consumption expenditure of households","Alcoholic beverages, tobacco and narcotics","02","2015","1000","Euro","2008","Western calendar year","6582859039",""
"Greece","3.2","Individual consumption expenditure of households","Clothing and footwear","03","2015","1000","Euro","2008","Western calendar year","4402814573",""
"Greece","3.2","Individual consumption expenditure of households","Housing, water, electricity, gas and other fuels","04","2015","1000","Euro","2008","Western calendar year","26779187509",""
"Greece","3.2","Individual consumption expenditure of households","Furnishings, household equipment and routine maintenance of the house","05","2015","1000","Euro","2008","Western calendar year","4107486898",""
"Greece","3.2","Individual consumption expenditure of households","Health","06","2015","1000","Euro","2008","Western calendar year","5569048604",""
"Greece","3.2","Individual consumption expenditure of households","Transport","07","2015","1000","Euro","2008","Western calendar year","18018775195",""
"Greece","3.2","Individual consumption expenditure of households","Communication","08","2015","1000","Euro","2008","Western calendar year","5691822168",""
"Greece","3.2","Individual consumption expenditure of households","Recreation and culture","09","2015","1000","Euro","2008","Western calendar year","5840603585",""
"Greece","3.2","Individual consumption expenditure of households","Education","10","2015","1000","Euro","2008","Western calendar year","2713618973",""
"Greece","3.2","Individual consumption expenditure of households","Restaurants and hotels","11","2015","1000","Euro","2008","Western calendar year","19232118509",""
"Greece","3.2","Individual consumption expenditure of households","Miscellaneous goods and services","12","2015","1000","Euro","2008","Western calendar year","9710571532",""
"Greece","3.2","Individual consumption expenditure of households","Equals: Household final consumption expenditure in domestic market","P.31","2015","1000","Euro","2008","Western calendar year","130270208307",""
"Greece","3.2","Individual consumption expenditure of households","Plus: Direct purchases abroad by residents","","2015","1000","Euro","2008","Western calendar year","2025110000",""
"Greece","3.2","Individual consumption expenditure of households","Less: Direct purchases in domestic market by non-residents","","2015","1000","Euro","2008","Western calendar year","14194350000",""
"Greece","3.2","Individual consumption expenditure of households","Equals: Household final consumption expenditure","P.31","2015","1000","Euro","2008","Western calendar year","118100969776",""
"Greece","3.2","Individual consumption expenditure of non-profit institutions serving households (NPISHs)","Equals: NPISHs final consumption expenditure","P.31/13","2015","1000","Euro","2008","Western calendar year","4732429762",""
"Greece","3.2","Individual consumption expenditure of general government","Equals: Individual consumption expenditure of general government","P.31/14","2015","1000","Euro","2008","Western calendar year","15283272611",""
"Greece","3.2","","Equals: Total actual individual consumption","P.41","2015","1000","Euro","2008","Western calendar year","138116672150",""
"Greece","3.2","Individual consumption expenditure of households","Food and non-alcoholic beverages","01","2014","1000","Euro","2008","Western calendar year","21584552861",""
"Greece","3.2","Individual consumption expenditure of households","Alcoholic beverages, tobacco and narcotics","02","2014","1000","Euro","2008","Western calendar year","6487119757",""
"Greece","3.2","Individual consumption expenditure of households","Clothing and footwear","03","2014","1000","Euro","2008","Western calendar year","4584662046",""
"Greece","3.2","Individual consumption expenditure of households","Housing, water, electricity, gas and other fuels","04","2014","1000","Euro","2008","Western calendar year","27683936443",""
"Greece","3.2","Individual consumption expenditure of households","Furnishings, household equipment and routine maintenance of the house","05","2014","1000","Euro","2008","Western calendar year","4386779203",""
"Greece","3.2","Individual consumption expenditure of households","Health","06","2014","1000","Euro","2008","Western calendar year","5312122309",""
"Greece","3.2","Individual consumption expenditure of households","Transport","07","2014","1000","Euro","2008","Western calendar year","17506979250",""
"Greece","3.2","Individual consumption expenditure of households","Communication","08","2014","1000","Euro","2008","Western calendar year","5772640881",""
"Greece","3.2","Individual consumption expenditure of households","Recreation and culture","09","2014","1000","Euro","2008","Western calendar year","6053294153",""
"Greece","3.2","Individual consumption expenditure of households","Education","10","2014","1000","Euro","2008","Western calendar year","2932974278",""
"Greece","3.2","Individual consumption expenditure of households","Restaurants and hotels","11","2014","1000","Euro","2008","Western calendar year","19097349455",""
"Greece","3.2","Individual consumption expenditure of households","Miscellaneous goods and services","12","2014","1000","Euro","2008","Western calendar year","10179197022",""
"Greece","3.2","Individual consumption expenditure of households","Equals: Household final consumption expenditure in domestic market","P.31","2014","1000","Euro","2008","Western calendar year","131581607659",""
"Greece","3.2","Individual consumption expenditure of households","Plus: Direct purchases abroad by residents","","2014","1000","Euro","2008","Western calendar year","2076440000",""
"Greece","3.2","Individual consumption expenditure of households","Less: Direct purchases in domestic market by non-residents","","2014","1000","Euro","2008","Western calendar year","13393090000",""
"Greece","3.2","Individual consumption expenditure of households","Equals: Household final consumption expenditure","P.31","2014","1000","Euro","2008","Western calendar year","120264968503",""
"Greece","3.2","Individual consumption expenditure of non-profit institutions serving households (NPISHs)","Equals: NPISHs final consumption expenditure","P.31/13","2014","1000","Euro","2008","Western calendar year","4822333457",""
"Greece","3.2","Individual consumption expenditure of general government","Equals: Individual consumption expenditure of general government","P.31/14","2014","1000","Euro","2008","Western calendar year","15481847552",""
"Greece","3.2","","Equals: Total actual individual consumption","P.41","2014","1000","Euro","2008","Western calendar year","140569149512",""
"Greece","3.2","Individual consumption expenditure of households","Food and non-alcoholic beverages","01","2013","1000","Euro","2008","Western calendar year","21430201566",""
"Greece","3.2","Individual consumption expenditure of households","Alcoholic beverages, tobacco and narcotics","02","2013","1000","Euro","2008","Western calendar year","6484445874",""
"Greece","3.2","Individual consumption expenditure of households","Clothing and footwear","03","2013","1000","Euro","2008","Western calendar year","4542519373",""
"Greece","3.2","Individual consumption expenditure of households","Housing, water, electricity, gas and other fuels","04","2013","1000","Euro","2008","Western calendar year","29768293857",""
"Greece","3.2","Individual consumption expenditure of households","Furnishings, household equipment and routine maintenance of the house","05","2013","1000","Euro","2008","Western calendar year","4806950947",""
"Greece","3.2","Individual consumption expenditure of households","Health","06","2013","1000","Euro","2008","Western calendar year","5180803401",""
"Greece","3.2","Individual consumption expenditure of households","Transport","07","2013","1000","Euro","2008","Western calendar year","16507102654",""
"Greece","3.2","Individual consumption expenditure of households","Communication","08","2013","1000","Euro","2008","Western calendar year","6055322306",""
"Greece","3.2","Individual consumption expenditure of households","Recreation and culture","09","2013","1000","Euro","2008","Western calendar year","6052509830",""
"Greece","3.2","Individual consumption expenditure of households","Education","10","2013","1000","Euro","2008","Western calendar year","2871803488",""
"Greece","3.2","Individual consumption expenditure of households","Restaurants and hotels","11","2013","1000","Euro","2008","Western calendar year","19136698922",""
"Greece","3.2","Individual consumption expenditure of households","Miscellaneous goods and services","12","2013","1000","Euro","2008","Western calendar year","10389823000",""
"Greece","3.2","Individual consumption expenditure of households","Equals: Household final consumption expenditure in domestic market","P.31","2013","1000","Euro","2008","Western calendar year","133226475216",""
"Greece","3.2","Individual consumption expenditure of households","Plus: Direct purchases abroad by residents","","2013","1000","Euro","2008","Western calendar year","1835194361",""
"Greece","3.2","Individual consumption expenditure of households","Less: Direct purchases in domestic market by non-residents","","2013","1000","Euro","2008","Western calendar year","12152205520",""
"Greece","3.2","Individual consumption expenditure of households","Equals: Household final consumption expenditure","P.31","2013","1000","Euro","2008","Western calendar year","122909469816",""
"Greece","3.2","Individual consumption expenditure of households","Equals: Household final consumption expenditure","P.31","2013","600","2001 GRD euro / euro","1993","Western calendar year","128635817202",""
"Greece","3.2","Individual consumption expenditure of non-profit institutions serving households (NPISHs)","Equals: NPISHs final consumption expenditure","P.31/13","2013","1000","Euro","2008","Western calendar year","4943800000",""
"Greece","3.2","Individual consumption expenditure of non-profit institutions serving households (NPISHs)","Equals: NPISHs final consumption expenditure","P.31/13","2013","600","2001 GRD euro / euro","1993","Western calendar year","3188403289",""
"Greece","3.2","Individual consumption expenditure of general government","Equals: Individual consumption expenditure of general government","P.31/14","2013","1000","Euro","2008","Western calendar year","16722736341",""
"Greece","3.2","Individual consumption expenditure of general government","Equals: Individual consumption expenditure of general government","P.31/14","2013","600","2001 GRD euro / euro","1993","Western calendar year","12525442678",""
"Greece","3.2","","Equals: Total actual individual consumption","P.41","2013","1000","Euro","2008","Western calendar year","144576001869",""
"Greece","3.2","","Equals: Total actual individual consumption","P.41","2013","600","2001 GRD euro / euro","1993","Western calendar year","144349663169",""
"Greece","3.2","Individual consumption expenditure of households","Food and non-alcoholic beverages","01","2012","1000","Euro","2008","Western calendar year","22860262487",""
"Greece","3.2","Individual consumption expenditure of households","Alcoholic beverages, tobacco and narcotics","02","2012","1000","Euro","2008","Western calendar year","6447500715",""
"Greece","3.2","Individual consumption expenditure of households","Clothing and footwear","03","2012","1000","Euro","2008","Western calendar year","4687444931",""
"Greece","3.2","Individual consumption expenditure of households","Housing, water, electricity, gas and other fuels","04","2012","1000","Euro","2008","Western calendar year","32824490029",""
"Greece","3.2","Individual consumption expenditure of households","Furnishings, household equipment and routine maintenance of the house","05","2012","1000","Euro","2008","Western calendar year","5498648595",""
"Greece","3.2","Individual consumption expenditure of households","Health","06","2012","1000","Euro","2008","Western calendar year","4490595574",""
"Greece","3.2","Individual consumption expenditure of households","Transport","07","2012","1000","Euro","2008","Western calendar year","16991065751",""
"Greece","3.2","Individual consumption expenditure of households","Communication","08","2012","1000","Euro","2008","Western calendar year","5562249169",""
"Greece","3.2","Individual consumption expenditure of households","Recreation and culture","09","2012","1000","Euro","2008","Western calendar year","6070470757",""
"Greece","3.2","Individual consumption expenditure of households","Education","10","2012","1000","Euro","2008","Western calendar year","3235536543",""
"Greece","3.2","Individual consumption expenditure of households","Restaurants and hotels","11","2012","1000","Euro","2008","Western calendar year","17633648633",""
"Greece","3.2","Individual consumption expenditure of households","Miscellaneous goods and services","12","2012","1000","Euro","2008","Western calendar year","11162963627",""
"Greece","3.2","Individual consumption expenditure of households","Equals: Household final consumption expenditure in domestic market","P.31","2012","1000","Euro","2008","Western calendar year","137464876810",""
"Greece","3.2","Individual consumption expenditure of households","Plus: Direct purchases abroad by residents","","2012","1000","Euro","2008","Western calendar year","1843815043",""
"Greece","3.2","Individual consumption expenditure of households","Less: Direct purchases in domestic market by non-residents","","2012","1000","Euro","2008","Western calendar year","10442460160",""
"Greece","3.2","Individual consumption expenditure of households","Equals: Household final consumption expenditure","P.31","2012","1000","Euro","2008","Western calendar year","128866231670",""
"Greece","3.2","Individual consumption expenditure of households","Equals: Household final consumption expenditure","P.31","2012","600","2001 GRD euro / euro","1993","Western calendar year","138931271658",""
"Greece","3.2","Individual consumption expenditure of non-profit institutions serving households (NPISHs)","Equals: NPISHs final consumption expenditure","P.31/13","2012","1000","Euro","2008","Western calendar year","4801422000",""
"Greece","3.2","Individual consumption expenditure of non-profit institutions serving households (NPISHs)","Equals: NPISHs final consumption expenditure","P.31/13","2012","600","2001 GRD euro / euro","1993","Western calendar year","3442494867",""
"Greece","3.2","Individual consumption expenditure of general government","Equals: Individual consumption expenditure of general government","P.31/14","2012","1000","Euro","2008","Western calendar year","19929274566",""
"Greece","3.2","Individual consumption expenditure of general government","Equals: Individual consumption expenditure of general government","P.31/14","2012","600","2001 GRD euro / euro","1993","Western calendar year","13498555807",""
"Greece","3.2","","Equals: Total actual individual consumption","P.41","2012","1000","Euro","2008","Western calendar year","153596928236",""
"Greece","3.2","","Equals: Total actual individual consumption","P.41","2012","600","2001 GRD euro / euro","1993","Western calendar year","155872322331",""
"Greece","3.2","Individual consumption expenditure of households","Food and non-alcoholic beverages","01","2011","1000","Euro","2008","Western calendar year","24922506582",""
"Greece","3.2","Individual consumption expenditure of households","Food and non-alcoholic beverages","01","2011","600","2001 GRD euro / euro","1993","Western calendar year","25980220231",""
"Greece","3.2","Individual consumption expenditure of households","Alcoholic beverages, tobacco and narcotics","02","2011","1000","Euro","2008","Western calendar year","7255841852",""
"Greece","3.2","Individual consumption expenditure of households","Alcoholic beverages, tobacco and narcotics","02","2011","600","2001 GRD euro / euro","1993","Western calendar year","6973114658",""
"Greece","3.2","Individual consumption expenditure of households","Clothing and footwear","03","2011","1000","Euro","2008","Western calendar year","5666541277",""
"Greece","3.2","Individual consumption expenditure of households","Clothing and footwear","03","2011","600","2001 GRD euro / euro","1993","Western calendar year","5978979949",""
"Greece","3.2","Individual consumption expenditure of households","Housing, water, electricity, gas and other fuels","04","2011","1000","Euro","2008","Western calendar year","33016019749",""
"Greece","3.2","Individual consumption expenditure of households","Housing, water, electricity, gas and other fuels","04","2011","600","2001 GRD euro / euro","1993","Western calendar year","38099073815",""
"Greece","3.2","Individual consumption expenditure of households","Furnishings, household equipment and routine maintenance of the house","05","2011","1000","Euro","2008","Western calendar year","6417493785",""
"Greece","3.2","Individual consumption expenditure of households","Furnishings, household equipment and routine maintenance of the house","05","2011","600","2001 GRD euro / euro","1993","Western calendar year","6372459830",""
"Greece","3.2","Individual consumption expenditure of households","Health","06","2011","1000","Euro","2008","Western calendar year","6056750235",""
"Greece","3.2","Individual consumption expenditure of households","Health","06","2011","600","2001 GRD euro / euro","1993","Western calendar year","10184849591",""
"Greece","3.2","Individual consumption expenditure of households","Transport","07","2011","1000","Euro","2008","Western calendar year","17945665411",""
"Greece","3.2","Individual consumption expenditure of households","Transport","07","2011","600","2001 GRD euro / euro","1993","Western calendar year","18929077186",""
"Greece","3.2","Individual consumption expenditure of households","Communication","08","2011","1000","Euro","2008","Western calendar year","6321332156",""
"Greece","3.2","Individual consumption expenditure of households","Communication","08","2011","600","2001 GRD euro / euro","1993","Western calendar year","4685538533",""
"Greece","3.2","Individual consumption expenditure of households","Recreation and culture","09","2011","1000","Euro","2008","Western calendar year","6532105519",""
"Greece","3.2","Individual consumption expenditure of households","Recreation and culture","09","2011","600","2001 GRD euro / euro","1993","Western calendar year","9003534034",""
"Greece","3.2","Individual consumption expenditure of households","Education","10","2011","1000","Euro","2008","Western calendar year","3610238409",""
"Greece","3.2","Individual consumption expenditure of households","Education","10","2011","600","2001 GRD euro / euro","1993","Western calendar year","3825499697",""
"Greece","3.2","Individual consumption expenditure of households","Restaurants and hotels","11","2011","1000","Euro","2008","Western calendar year","17563048820",""
"Greece","3.2","Individual consumption expenditure of households","Restaurants and hotels","11","2011","600","2001 GRD euro / euro","1993","Western calendar year","18755470282",""
"Greece","3.2","Individual consumption expenditure of households","Miscellaneous goods and services","12","2011","1000","Euro","2008","Western calendar year","12786001290",""
"Greece","3.2","Individual consumption expenditure of households","Miscellaneous goods and services","12","2011","600","2001 GRD euro / euro","1993","Western calendar year","11252088144",""
"Greece","3.2","Individual consumption expenditure of households","Equals: Household final consumption expenditure in domestic market","P.31","2011","1000","Euro","2008","Western calendar year","148093545085",""
"Greece","3.2","Individual consumption expenditure of households","Equals: Household final consumption expenditure in domestic market","P.31","2011","600","2001 GRD euro / euro","1993","Western calendar year","160039905950",""
"Greece","3.2","Individual consumption expenditure of households","Plus: Direct purchases abroad by residents","","2011","1000","Euro","2008","Western calendar year","2266533524",""
"Greece","3.2","Individual consumption expenditure of households","Plus: Direct purchases abroad by residents","","2011","600","2001 GRD euro / euro","1993","Western calendar year","2265560000",""
"Greece","3.2","Individual consumption expenditure of households","Less: Direct purchases in domestic market by non-residents","","2011","1000","Euro","2008","Western calendar year","10504727781",""
"Greece","3.2","Individual consumption expenditure of households","Less: Direct purchases in domestic market by non-residents","","2011","600","2001 GRD euro / euro","1993","Western calendar year","10504700000",""
"Greece","3.2","Individual consumption expenditure of households","Equals: Household final consumption expenditure","P.31","2011","1000","Euro","2008","Western calendar year","139855364810",""
"Greece","3.2","Individual consumption expenditure of households","Equals: Household final consumption expenditure","P.31","2011","600","2001 GRD euro / euro","1993","Western calendar year","151801775426",""
"Greece","3.2","Individual consumption expenditure of non-profit institutions serving households (NPISHs)","Equals: NPISHs final consumption expenditure","P.31/13","2011","1000","Euro","2008","Western calendar year","4822550000",""
"Greece","3.2","Individual consumption expenditure of non-profit institutions serving households (NPISHs)","Equals: NPISHs final consumption expenditure","P.31/13","2011","600","2001 GRD euro / euro","1993","Western calendar year","3761714805",""
"Greece","3.2","Individual consumption expenditure of general government","Equals: Individual consumption expenditure of general government","P.31/14","2011","1000","Euro","2008","Western calendar year","22533662946",""
"Greece","3.2","Individual consumption expenditure of general government","Equals: Individual consumption expenditure of general government","P.31/14","2011","600","2001 GRD euro / euro","1993","Western calendar year","14715000000",""
"Greece","3.2","","Equals: Total actual individual consumption","P.41","2011","1000","Euro","2008","Western calendar year","167211577756",""
"Greece","3.2","","Equals: Total actual individual consumption","P.41","2011","600","2001 GRD euro / euro","1993","Western calendar year","170278490231",""
"Greece","3.2","Individual consumption expenditure of households","Food and non-alcoholic beverages","01","2010","1000","Euro","2008","Western calendar year","25212548176",""
"Greece","3.2","Individual consumption expenditure of households","Food and non-alcoholic beverages","01","2010","600","2001 GRD euro / euro","1993","Western calendar year","26334937422",""
"Greece","3.2","Individual consumption expenditure of households","Alcoholic beverages, tobacco and narcotics","02","2010","1000","Euro","2008","Western calendar year","7152945954",""
"Greece","3.2","Individual consumption expenditure of households","Alcoholic beverages, tobacco and narcotics","02","2010","600","2001 GRD euro / euro","1993","Western calendar year","6924931382",""
"Greece","3.2","Individual consumption expenditure of households","Clothing and footwear","03","2010","1000","Euro","2008","Western calendar year","6957813905",""
"Greece","3.2","Individual consumption expenditure of households","Clothing and footwear","03","2010","600","2001 GRD euro / euro","1993","Western calendar year","7343877460",""
"Greece","3.2","Individual consumption expenditure of households","Housing, water, electricity, gas and other fuels","04","2010","1000","Euro","2008","Western calendar year","32932574899",""
"Greece","3.2","Individual consumption expenditure of households","Housing, water, electricity, gas and other fuels","04","2010","600","2001 GRD euro / euro","1993","Western calendar year","37102103371",""
"Greece","3.2","Individual consumption expenditure of households","Furnishings, household equipment and routine maintenance of the house","05","2010","1000","Euro","2008","Western calendar year","8122076218",""
"Greece","3.2","Individual consumption expenditure of households","Furnishings, household equipment and routine maintenance of the house","05","2010","600","2001 GRD euro / euro","1993","Western calendar year","7212628991",""
"Greece","3.2","Individual consumption expenditure of households","Health","06","2010","1000","Euro","2008","Western calendar year","6485256511",""
"Greece","3.2","Individual consumption expenditure of households","Health","06","2010","600","2001 GRD euro / euro","1993","Western calendar year","10602581292",""
"Greece","3.2","Individual consumption expenditure of households","Transport","07","2010","1000","Euro","2008","Western calendar year","20558689339",""
"Greece","3.2","Individual consumption expenditure of households","Transport","07","2010","600","2001 GRD euro / euro","1993","Western calendar year","21129321693",""
"Greece","3.2","Individual consumption expenditure of households","Communication","08","2010","1000","Euro","2008","Western calendar year","7294981661",""
"Greece","3.2","Individual consumption expenditure of households","Communication","08","2010","600","2001 GRD euro / euro","1993","Western calendar year","5109944109",""
"Greece","3.2","Individual consumption expenditure of households","Recreation and culture","09","2010","1000","Euro","2008","Western calendar year","7721685057",""
"Greece","3.2","Individual consumption expenditure of households","Recreation and culture","09","2010","600","2001 GRD euro / euro","1993","Western calendar year","9140999676",""
"Greece","3.2","Individual consumption expenditure of households","Education","10","2010","1000","Euro","2008","Western calendar year","3865358577",""
"Greece","3.2","Individual consumption expenditure of households","Education","10","2010","600","2001 GRD euro / euro","1993","Western calendar year","4061795324",""
"Greece","3.2","Individual consumption expenditure of households","Restaurants and hotels","11","2010","1000","Euro","2008","Western calendar year","19617549800",""
"Greece","3.2","Individual consumption expenditure of households","Restaurants and hotels","11","2010","600","2001 GRD euro / euro","1993","Western calendar year","19527007038",""
"Greece","3.2","Individual consumption expenditure of households","Miscellaneous goods and services","12","2010","1000","Euro","2008","Western calendar year","13571463657",""
"Greece","3.2","Individual consumption expenditure of households","Miscellaneous goods and services","12","2010","600","2001 GRD euro / euro","1993","Western calendar year","12404936832",""
"Greece","3.2","Individual consumption expenditure of households","Equals: Household final consumption expenditure in domestic market","P.31","2010","1000","Euro","2008","Western calendar year","159492943756",""
"Greece","3.2","Individual consumption expenditure of households","Equals: Household final consumption expenditure in domestic market","P.31","2010","600","2001 GRD euro / euro","1993","Western calendar year","166895064591",""
"Greece","3.2","Individual consumption expenditure of households","Plus: Direct purchases abroad by residents","","2010","1000","Euro","2008","Western calendar year","2156020298",""
"Greece","3.2","Individual consumption expenditure of households","Plus: Direct purchases abroad by residents","","2010","600","2001 GRD euro / euro","1993","Western calendar year","2156020298",""
"Greece","3.2","Individual consumption expenditure of households","Less: Direct purchases in domestic market by non-residents","","2010","1000","Euro","2008","Western calendar year","9611267255",""
"Greece","3.2","Individual consumption expenditure of households","Less: Direct purchases in domestic market by non-residents","","2010","600","2001 GRD euro / euro","1993","Western calendar year","9611270000",""
"Greece","3.2","Individual consumption expenditure of households","Equals: Household final consumption expenditure","P.31","2010","1000","Euro","2008","Western calendar year","152037715156",""
"Greece","3.2","Individual consumption expenditure of households","Equals: Household final consumption expenditure","P.31","2010","600","2001 GRD euro / euro","1993","Western calendar year","159439830707",""
"Greece","3.2","Individual consumption expenditure of households","Equals: Household final consumption expenditure","P.31","2010","500","2001 GRD euro / euro","1993","Western calendar year","169208172536",""
"Greece","3.2","Individual consumption expenditure of non-profit institutions serving households (NPISHs)","Equals: NPISHs final consumption expenditure","P.31/13","2010","1000","Euro","2008","Western calendar year","4765472691",""
"Greece","3.2","Individual consumption expenditure of non-profit institutions serving households (NPISHs)","Equals: NPISHs final consumption expenditure","P.31/13","2010","600","2001 GRD euro / euro","1993","Western calendar year","3613612710",""
"Greece","3.2","Individual consumption expenditure of non-profit institutions serving households (NPISHs)","Equals: NPISHs final consumption expenditure","P.31/13","2010","500","2001 GRD euro / euro","1993","Western calendar year","3542478942",""
"Greece","3.2","Individual consumption expenditure of general government","Equals: Individual consumption expenditure of general government","P.31/14","2010","1000","Euro","2008","Western calendar year","24630379539",""
"Greece","3.2","Individual consumption expenditure of general government","Equals: Individual consumption expenditure of general government","P.31/14","2010","600","2001 GRD euro / euro","1993","Western calendar year","16723000000",""
"Greece","3.2","Individual consumption expenditure of general government","Equals: Individual consumption expenditure of general government","P.31/14","2010","500","2001 GRD euro / euro","1993","Western calendar year","16922361690",""
"Greece","3.2","","Equals: Total actual individual consumption","P.41","2010","1000","Euro","2008","Western calendar year","181433567386",""
"Greece","3.2","","Equals: Total actual individual consumption","P.41","2010","600","2001 GRD euro / euro","1993","Western calendar year","179776443417",""
"Greece","3.2","","Equals: Total actual individual consumption","P.41","2010","500","2001 GRD euro / euro","1993","Western calendar year","189673013167",""
"Greece","3.2","Individual consumption expenditure of households","Food and non-alcoholic beverages","01","2009","1000","Euro","2008","Western calendar year","25631790495",""
"Greece","3.2","Individual consumption expenditure of households","Food and non-alcoholic beverages","01","2009","600","2001 GRD euro / euro","1993","Western calendar year","26270640986",""
"Greece","3.2","Individual consumption expenditure of households","Food and non-alcoholic beverages","01","2009","500","2001 GRD euro / euro","1993","Western calendar year","29809410530",""
"Greece","3.2","Individual consumption expenditure of households","Alcoholic beverages, tobacco and narcotics","02","2009","1000","Euro","2008","Western calendar year","7593032066",""
"Greece","3.2","Individual consumption expenditure of households","Alcoholic beverages, tobacco and narcotics","02","2009","600","2001 GRD euro / euro","1993","Western calendar year","7782281906",""
"Greece","3.2","Individual consumption expenditure of households","Alcoholic beverages, tobacco and narcotics","02","2009","500","2001 GRD euro / euro","1993","Western calendar year","7214226068",""
"Greece","3.2","Individual consumption expenditure of households","Clothing and footwear","03","2009","1000","Euro","2008","Western calendar year","8475705982",""
"Greece","3.2","Individual consumption expenditure of households","Clothing and footwear","03","2009","600","2001 GRD euro / euro","1993","Western calendar year","8274172029",""
"Greece","3.2","Individual consumption expenditure of households","Clothing and footwear","03","2009","500","2001 GRD euro / euro","1993","Western calendar year","12071466592",""
"Greece","3.2","Individual consumption expenditure of households","Housing, water, electricity, gas and other fuels","04","2009","1000","Euro","2008","Western calendar year","32524339551",""
"Greece","3.2","Individual consumption expenditure of households","Housing, water, electricity, gas and other fuels","04","2009","600","2001 GRD euro / euro","1993","Western calendar year","35588701519",""
"Greece","3.2","Individual consumption expenditure of households","Housing, water, electricity, gas and other fuels","04","2009","500","2001 GRD euro / euro","1993","Western calendar year","29969727598",""
"Greece","3.2","Individual consumption expenditure of households","Furnishings, household equipment and routine maintenance of the house","05","2009","1000","Euro","2008","Western calendar year","8663972675",""
"Greece","3.2","Individual consumption expenditure of households","Furnishings, household equipment and routine maintenance of the house","05","2009","600","2001 GRD euro / euro","1993","Western calendar year","7813699244",""
"Greece","3.2","Individual consumption expenditure of households","Furnishings, household equipment and routine maintenance of the house","05","2009","500","2001 GRD euro / euro","1993","Western calendar year","9890786011",""
"Greece","3.2","Individual consumption expenditure of households","Health","06","2009","1000","Euro","2008","Western calendar year","7697844063",""
"Greece","3.2","Individual consumption expenditure of households","Health","06","2009","600","2001 GRD euro / euro","1993","Western calendar year","11101926960",""
"Greece","3.2","Individual consumption expenditure of households","Health","06","2009","500","2001 GRD euro / euro","1993","Western calendar year","9938986692",""
"Greece","3.2","Individual consumption expenditure of households","Transport","07","2009","1000","Euro","2008","Western calendar year","22272882593",""
"Greece","3.2","Individual consumption expenditure of households","Transport","07","2009","600","2001 GRD euro / euro","1993","Western calendar year","21827551767",""
"Greece","3.2","Individual consumption expenditure of households","Transport","07","2009","500","2001 GRD euro / euro","1993","Western calendar year","18650726658",""
"Greece","3.2","Individual consumption expenditure of households","Communication","08","2009","1000","Euro","2008","Western calendar year","7254634575",""
"Greece","3.2","Individual consumption expenditure of households","Communication","08","2009","600","2001 GRD euro / euro","1993","Western calendar year","5821329366",""
"Greece","3.2","Individual consumption expenditure of households","Communication","08","2009","500","2001 GRD euro / euro","1993","Western calendar year","2054771912",""
"Greece","3.2","Individual consumption expenditure of households","Recreation and culture","09","2009","1000","Euro","2008","Western calendar year","8258164519",""
"Greece","3.2","Individual consumption expenditure of households","Recreation and culture","09","2009","600","2001 GRD euro / euro","1993","Western calendar year","10064347491",""
"Greece","3.2","Individual consumption expenditure of households","Recreation and culture","09","2009","500","2001 GRD euro / euro","1993","Western calendar year","13429978744",""
"Greece","3.2","Individual consumption expenditure of households","Education","10","2009","1000","Euro","2008","Western calendar year","3990666150",""
"Greece","3.2","Individual consumption expenditure of households","Education","10","2009","600","2001 GRD euro / euro","1993","Western calendar year","3936960177",""
"Greece","3.2","Individual consumption expenditure of households","Education","10","2009","500","2001 GRD euro / euro","1993","Western calendar year","5952720318",""
"Greece","3.2","Individual consumption expenditure of households","Restaurants and hotels","11","2009","1000","Euro","2008","Western calendar year","19726755376",""
"Greece","3.2","Individual consumption expenditure of households","Restaurants and hotels","11","2009","600","2001 GRD euro / euro","1993","Western calendar year","20355166952",""
"Greece","3.2","Individual consumption expenditure of households","Restaurants and hotels","11","2009","500","2001 GRD euro / euro","1993","Western calendar year","24242271588",""
"Greece","3.2","Individual consumption expenditure of households","Miscellaneous goods and services","12","2009","1000","Euro","2008","Western calendar year","13275207449",""
"Greece","3.2","Individual consumption expenditure of households","Miscellaneous goods and services","12","2009","600","2001 GRD euro / euro","1993","Western calendar year","12810768335",""
"Greece","3.2","Individual consumption expenditure of households","Miscellaneous goods and services","12","2009","500","2001 GRD euro / euro","1993","Western calendar year","13978116276",""
"Greece","3.2","Individual consumption expenditure of households","Equals: Household final consumption expenditure in domestic market","P.31","2009","1000","Euro","2008","Western calendar year","165364995494",""
"Greece","3.2","Individual consumption expenditure of households","Equals: Household final consumption expenditure in domestic market","P.31","2009","600","2001 GRD euro / euro","1993","Western calendar year","171647546733",""
"Greece","3.2","Individual consumption expenditure of households","Equals: Household final consumption expenditure in domestic market","P.31","2009","500","2001 GRD euro / euro","1993","Western calendar year","177203188987",""
"Greece","3.2","Individual consumption expenditure of households","Plus: Direct purchases abroad by residents","","2009","1000","Euro","2008","Western calendar year","2424534676",""
"Greece","3.2","Individual consumption expenditure of households","Plus: Direct purchases abroad by residents","","2009","600","2001 GRD euro / euro","1993","Western calendar year","2424534676",""
"Greece","3.2","Individual consumption expenditure of households","Plus: Direct purchases abroad by residents","","2009","500","2001 GRD euro / euro","1993","Western calendar year","2424530000",""
"Greece","3.2","Individual consumption expenditure of households","Less: Direct purchases in domestic market by non-residents","","2009","1000","Euro","2008","Western calendar year","10400209301",""
"Greece","3.2","Individual consumption expenditure of households","Less: Direct purchases in domestic market by non-residents","","2009","600","2001 GRD euro / euro","1993","Western calendar year","10400213333",""
"Greece","3.2","Individual consumption expenditure of households","Less: Direct purchases in domestic market by non-residents","","2009","500","2001 GRD euro / euro","1993","Western calendar year","10400210000",""
"Greece","3.2","Individual consumption expenditure of households","Equals: Household final consumption expenditure","P.31","2009","1000","Euro","2008","Western calendar year","157389320869",""
"Greece","3.2","Individual consumption expenditure of households","Equals: Household final consumption expenditure","P.31","2009","600","2001 GRD euro / euro","1993","Western calendar year","163671875935",""
"Greece","3.2","Individual consumption expenditure of households","Equals: Household final consumption expenditure","P.31","2009","500","2001 GRD euro / euro","1993","Western calendar year","169227586659",""
"Greece","3.2","Individual consumption expenditure of non-profit institutions serving households (NPISHs)","Equals: NPISHs final consumption expenditure","P.31/13","2009","1000","Euro","2008","Western calendar year","4448805497",""
"Greece","3.2","Individual consumption expenditure of non-profit institutions serving households (NPISHs)","Equals: NPISHs final consumption expenditure","P.31/13","2009","600","2001 GRD euro / euro","1993","Western calendar year","3516749886",""
"Greece","3.2","Individual consumption expenditure of non-profit institutions serving households (NPISHs)","Equals: NPISHs final consumption expenditure","P.31/13","2009","500","2001 GRD euro / euro","1993","Western calendar year","3420164650",""
"Greece","3.2","Individual consumption expenditure of general government","Equals: Individual consumption expenditure of general government","P.31/14","2009","1000","Euro","2008","Western calendar year","27041872300",""
"Greece","3.2","Individual consumption expenditure of general government","Equals: Individual consumption expenditure of general government","P.31/14","2009","600","2001 GRD euro / euro","1993","Western calendar year","17777000000",""
"Greece","3.2","Individual consumption expenditure of general government","Equals: Individual consumption expenditure of general government","P.31/14","2009","500","2001 GRD euro / euro","1993","Western calendar year","18605000000",""
"Greece","3.2","","Equals: Total actual individual consumption","P.41","2009","1000","Euro","2008","Western calendar year","188879998666",""
"Greece","3.2","","Equals: Total actual individual consumption","P.41","2009","600","2001 GRD euro / euro","1993","Western calendar year","184965625821",""
"Greece","3.2","","Equals: Total actual individual consumption","P.41","2009","500","2001 GRD euro / euro","1993","Western calendar year","191252751309",""
"Greece","3.2","Individual consumption expenditure of households","Food and non-alcoholic beverages","01","2008","1000","Euro","2008","Western calendar year","25358800345",""
"Greece","3.2","Individual consumption expenditure of households","Food and non-alcoholic beverages","01","2008","600","2001 GRD euro / euro","1993","Western calendar year","25570918778",""
"Greece","3.2","Individual consumption expenditure of households","Food and non-alcoholic beverages","01","2008","500","2001 GRD euro / euro","1993","Western calendar year","29374948423",""
"Greece","3.2","Individual consumption expenditure of households","Alcoholic beverages, tobacco and narcotics","02","2008","1000","Euro","2008","Western calendar year","6796907099",""
"Greece","3.2","Individual consumption expenditure of households","Alcoholic beverages, tobacco and narcotics","02","2008","600","2001 GRD euro / euro","1993","Western calendar year","6853761101",""
"Greece","3.2","Individual consumption expenditure of households","Alcoholic beverages, tobacco and narcotics","02","2008","500","2001 GRD euro / euro","1993","Western calendar year","7266757468",""
"Greece","3.2","Individual consumption expenditure of households","Clothing and footwear","03","2008","1000","Euro","2008","Western calendar year","8756023080",""
"Greece","3.2","Individual consumption expenditure of households","Clothing and footwear","03","2008","600","2001 GRD euro / euro","1993","Western calendar year","9360743192",""
"Greece","3.2","Individual consumption expenditure of households","Clothing and footwear","03","2008","500","2001 GRD euro / euro","1993","Western calendar year","12152969708",""
"Greece","3.2","Individual consumption expenditure of households","Housing, water, electricity, gas and other fuels","04","2008","1000","Euro","2008","Western calendar year","31234381924",""
"Greece","3.2","Individual consumption expenditure of households","Housing, water, electricity, gas and other fuels","04","2008","600","2001 GRD euro / euro","1993","Western calendar year","34969181137",""
"Greece","3.2","Individual consumption expenditure of households","Housing, water, electricity, gas and other fuels","04","2008","500","2001 GRD euro / euro","1993","Western calendar year","30227065805",""
"Greece","3.2","Individual consumption expenditure of households","Furnishings, household equipment and routine maintenance of the house","05","2008","1000","Euro","2008","Western calendar year","9077074586",""
"Greece","3.2","Individual consumption expenditure of households","Furnishings, household equipment and routine maintenance of the house","05","2008","600","2001 GRD euro / euro","1993","Western calendar year","8283211669",""
"Greece","3.2","Individual consumption expenditure of households","Furnishings, household equipment and routine maintenance of the house","05","2008","500","2001 GRD euro / euro","1993","Western calendar year","10252025253",""
"Greece","3.2","Individual consumption expenditure of households","Health","06","2008","1000","Euro","2008","Western calendar year","8008758475",""
"Greece","3.2","Individual consumption expenditure of households","Health","06","2008","600","2001 GRD euro / euro","1993","Western calendar year","10876141126",""
"Greece","3.2","Individual consumption expenditure of households","Health","06","2008","500","2001 GRD euro / euro","1993","Western calendar year","9767606477",""
"Greece","3.2","Individual consumption expenditure of households","Transport","07","2008","1000","Euro","2008","Western calendar year","25655143455",""
"Greece","3.2","Individual consumption expenditure of households","Transport","07","2008","600","2001 GRD euro / euro","1993","Western calendar year","25366691640",""
"Greece","3.2","Individual consumption expenditure of households","Transport","07","2008","500","2001 GRD euro / euro","1993","Western calendar year","20234502015",""
"Greece","3.2","Individual consumption expenditure of households","Communication","08","2008","1000","Euro","2008","Western calendar year","6080655434",""
"Greece","3.2","Individual consumption expenditure of households","Communication","08","2008","600","2001 GRD euro / euro","1993","Western calendar year","6121558600",""
"Greece","3.2","Individual consumption expenditure of households","Communication","08","2008","500","2001 GRD euro / euro","1993","Western calendar year","2089060393",""
"Greece","3.2","Individual consumption expenditure of households","Recreation and culture","09","2008","1000","Euro","2008","Western calendar year","7923810537",""
"Greece","3.2","Individual consumption expenditure of households","Recreation and culture","09","2008","600","2001 GRD euro / euro","1993","Western calendar year","9597360134",""
"Greece","3.2","Individual consumption expenditure of households","Recreation and culture","09","2008","500","2001 GRD euro / euro","1993","Western calendar year","13873571127",""
"Greece","3.2","Individual consumption expenditure of households","Education","10","2008","1000","Euro","2008","Western calendar year","3953694571",""
"Greece","3.2","Individual consumption expenditure of households","Education","10","2008","600","2001 GRD euro / euro","1993","Western calendar year","3832258483",""
"Greece","3.2","Individual consumption expenditure of households","Education","10","2008","500","2001 GRD euro / euro","1993","Western calendar year","5847997253",""
"Greece","3.2","Individual consumption expenditure of households","Restaurants and hotels","11","2008","1000","Euro","2008","Western calendar year","21468682642",""
"Greece","3.2","Individual consumption expenditure of households","Restaurants and hotels","11","2008","600","2001 GRD euro / euro","1993","Western calendar year","20885297557",""
"Greece","3.2","Individual consumption expenditure of households","Restaurants and hotels","11","2008","500","2001 GRD euro / euro","1993","Western calendar year","24938384156",""
"Greece","3.2","Individual consumption expenditure of households","Miscellaneous goods and services","12","2008","1000","Euro","2008","Western calendar year","13750953506",""
"Greece","3.2","Individual consumption expenditure of households","Miscellaneous goods and services","12","2008","600","2001 GRD euro / euro","1993","Western calendar year","12991408549",""
"Greece","3.2","Individual consumption expenditure of households","Miscellaneous goods and services","12","2008","500","2001 GRD euro / euro","1993","Western calendar year","14132027928",""
"Greece","3.2","Individual consumption expenditure of households","Equals: Household final consumption expenditure in domestic market","P.31","2008","1000","Euro","2008","Western calendar year","168064885652",""
"Greece","3.2","Individual consumption expenditure of households","Equals: Household final consumption expenditure in domestic market","P.31","2008","600","2001 GRD euro / euro","1993","Western calendar year","174708531966",""
"Greece","3.2","Individual consumption expenditure of households","Equals: Household final consumption expenditure in domestic market","P.31","2008","500","2001 GRD euro / euro","1993","Western calendar year","180156916006",""
"Greece","3.2","Individual consumption expenditure of households","Plus: Direct purchases abroad by residents","","2008","1000","Euro","2008","Western calendar year","2679181298",""
"Greece","3.2","Individual consumption expenditure of households","Plus: Direct purchases abroad by residents","","2008","600","2001 GRD euro / euro","1993","Western calendar year","2679181298",""
"Greece","3.2","Individual consumption expenditure of households","Plus: Direct purchases abroad by residents","","2008","500","2001 GRD euro / euro","1993","Western calendar year","2679200000",""
"Greece","3.2","Individual consumption expenditure of households","Less: Direct purchases in domestic market by non-residents","","2008","1000","Euro","2008","Western calendar year","11635915874",""
"Greece","3.2","Individual consumption expenditure of households","Less: Direct purchases in domestic market by non-residents","","2008","600","2001 GRD euro / euro","1993","Western calendar year","11635920000",""
"Greece","3.2","Individual consumption expenditure of households","Less: Direct purchases in domestic market by non-residents","","2008","500","2001 GRD euro / euro","1993","Western calendar year","11635900000",""
"Greece","3.2","Individual consumption expenditure of households","Equals: Household final consumption expenditure","P.31","2008","1000","Euro","2008","Western calendar year","159108151076",""
"Greece","3.2","Individual consumption expenditure of households","Equals: Household final consumption expenditure","P.31","2008","600","2001 GRD euro / euro","1993","Western calendar year","165751831016",""
"Greece","3.2","Individual consumption expenditure of households","Equals: Household final consumption expenditure","P.31","2008","500","2001 GRD euro / euro","1993","Western calendar year","171200241092",""
"Greece","3.2","Individual consumption expenditure of non-profit institutions serving households (NPISHs)","Equals: NPISHs final consumption expenditure","P.31/13","2008","1000","Euro","2008","Western calendar year","3930824673",""
"Greece","3.2","Individual consumption expenditure of non-profit institutions serving households (NPISHs)","Equals: NPISHs final consumption expenditure","P.31/13","2008","600","2001 GRD euro / euro","1993","Western calendar year","2947610971",""
"Greece","3.2","Individual consumption expenditure of non-profit institutions serving households (NPISHs)","Equals: NPISHs final consumption expenditure","P.31/13","2008","500","2001 GRD euro / euro","1993","Western calendar year","3384177296",""
"Greece","3.2","Individual consumption expenditure of general government","Equals: Individual consumption expenditure of general government","P.31/14","2008","1000","Euro","2008","Western calendar year","25375148388",""
"Greece","3.2","Individual consumption expenditure of general government","Equals: Individual consumption expenditure of general government","P.31/14","2008","600","2001 GRD euro / euro","1993","Western calendar year","16883000000",""
"Greece","3.2","Individual consumption expenditure of general government","Equals: Individual consumption expenditure of general government","P.31/14","2008","500","2001 GRD euro / euro","1993","Western calendar year","17127000000",""
"Greece","3.2","","Equals: Total actual individual consumption","P.41","2008","1000","Euro","2008","Western calendar year","188414124137",""
"Greece","3.2","","Equals: Total actual individual consumption","P.41","2008","600","2001 GRD euro / euro","1993","Western calendar year","185582441987",""
"Greece","3.2","","Equals: Total actual individual consumption","P.41","2008","500","2001 GRD euro / euro","1993","Western calendar year","191711418388",""
"Greece","3.2","Individual consumption expenditure of households","Food and non-alcoholic beverages","01","2007","1000","Euro","2008","Western calendar year","24071061973",""
"Greece","3.2","Individual consumption expenditure of households","Food and non-alcoholic beverages","01","2007","600","2001 GRD euro / euro","1993","Western calendar year","24238851266",""
"Greece","3.2","Individual consumption expenditure of households","Food and non-alcoholic beverages","01","2007","500","2001 GRD euro / euro","1993","Western calendar year","27724116152",""
"Greece","3.2","Individual consumption expenditure of households","Alcoholic beverages, tobacco and narcotics","02","2007","1000","Euro","2008","Western calendar year","6129603854",""
"Greece","3.2","Individual consumption expenditure of households","Alcoholic beverages, tobacco and narcotics","02","2007","600","2001 GRD euro / euro","1993","Western calendar year","6172330756",""
"Greece","3.2","Individual consumption expenditure of households","Alcoholic beverages, tobacco and narcotics","02","2007","500","2001 GRD euro / euro","1993","Western calendar year","7156513793",""
"Greece","3.2","Individual consumption expenditure of households","Clothing and footwear","03","2007","1000","Euro","2008","Western calendar year","8342782356",""
"Greece","3.2","Individual consumption expenditure of households","Clothing and footwear","03","2007","600","2001 GRD euro / euro","1993","Western calendar year","8620708005",""
"Greece","3.2","Individual consumption expenditure of households","Clothing and footwear","03","2007","500","2001 GRD euro / euro","1993","Western calendar year","11531677116",""
"Greece","3.2","Individual consumption expenditure of households","Housing, water, electricity, gas and other fuels","04","2007","1000","Euro","2008","Western calendar year","27398774868",""
"Greece","3.2","Individual consumption expenditure of households","Housing, water, electricity, gas and other fuels","04","2007","600","2001 GRD euro / euro","1993","Western calendar year","30921715398",""
"Greece","3.2","Individual consumption expenditure of households","Housing, water, electricity, gas and other fuels","04","2007","500","2001 GRD euro / euro","1993","Western calendar year","27923381478",""
"Greece","3.2","Individual consumption expenditure of households","Furnishings, household equipment and routine maintenance of the house","05","2007","1000","Euro","2008","Western calendar year","8061679880",""
"Greece","3.2","Individual consumption expenditure of households","Furnishings, household equipment and routine maintenance of the house","05","2007","600","2001 GRD euro / euro","1993","Western calendar year","7788952003",""
"Greece","3.2","Individual consumption expenditure of households","Furnishings, household equipment and routine maintenance of the house","05","2007","500","2001 GRD euro / euro","1993","Western calendar year","9676114613",""
"Greece","3.2","Individual consumption expenditure of households","Health","06","2007","1000","Euro","2008","Western calendar year","7803926989",""
"Greece","3.2","Individual consumption expenditure of households","Health","06","2007","600","2001 GRD euro / euro","1993","Western calendar year","9587607135",""
"Greece","3.2","Individual consumption expenditure of households","Health","06","2007","500","2001 GRD euro / euro","1993","Western calendar year","9204378421",""
"Greece","3.2","Individual consumption expenditure of households","Transport","07","2007","1000","Euro","2008","Western calendar year","23751108638",""
"Greece","3.2","Individual consumption expenditure of households","Transport","07","2007","600","2001 GRD euro / euro","1993","Western calendar year","22759065118",""
"Greece","3.2","Individual consumption expenditure of households","Transport","07","2007","500","2001 GRD euro / euro","1993","Western calendar year","18336170147",""
"Greece","3.2","Individual consumption expenditure of households","Communication","08","2007","1000","Euro","2008","Western calendar year","5642329404",""
"Greece","3.2","Individual consumption expenditure of households","Communication","08","2007","600","2001 GRD euro / euro","1993","Western calendar year","5811452870",""
"Greece","3.2","Individual consumption expenditure of households","Communication","08","2007","500","2001 GRD euro / euro","1993","Western calendar year","2092063281",""
"Greece","3.2","Individual consumption expenditure of households","Recreation and culture","09","2007","1000","Euro","2008","Western calendar year","7540553233",""
"Greece","3.2","Individual consumption expenditure of households","Recreation and culture","09","2007","600","2001 GRD euro / euro","1993","Western calendar year","8553924464",""
"Greece","3.2","Individual consumption expenditure of households","Recreation and culture","09","2007","500","2001 GRD euro / euro","1993","Western calendar year","12806464262",""
"Greece","3.2","Individual consumption expenditure of households","Education","10","2007","1000","Euro","2008","Western calendar year","3742851680",""
"Greece","3.2","Individual consumption expenditure of households","Education","10","2007","600","2001 GRD euro / euro","1993","Western calendar year","3550465612",""
"Greece","3.2","Individual consumption expenditure of households","Education","10","2007","500","2001 GRD euro / euro","1993","Western calendar year","5400271505",""
"Greece","3.2","Individual consumption expenditure of households","Restaurants and hotels","11","2007","1000","Euro","2008","Western calendar year","20859710733",""
"Greece","3.2","Individual consumption expenditure of households","Restaurants and hotels","11","2007","600","2001 GRD euro / euro","1993","Western calendar year","20290763586",""
"Greece","3.2","Individual consumption expenditure of households","Restaurants and hotels","11","2007","500","2001 GRD euro / euro","1993","Western calendar year","23564525072",""
"Greece","3.2","Individual consumption expenditure of households","Miscellaneous goods and services","12","2007","1000","Euro","2008","Western calendar year","12567790935",""
"Greece","3.2","Individual consumption expenditure of households","Miscellaneous goods and services","12","2007","600","2001 GRD euro / euro","1993","Western calendar year","12514145282",""
"Greece","3.2","Individual consumption expenditure of households","Miscellaneous goods and services","12","2007","500","2001 GRD euro / euro","1993","Western calendar year","13153694970",""
"Greece","3.2","Individual consumption expenditure of households","Equals: Household final consumption expenditure in domestic market","P.31","2007","1000","Euro","2008","Western calendar year","155912174542",""
"Greece","3.2","Individual consumption expenditure of households","Equals: Household final consumption expenditure in domestic market","P.31","2007","600","2001 GRD euro / euro","1993","Western calendar year","160809981495",""
"Greece","3.2","Individual consumption expenditure of households","Equals: Household final consumption expenditure in domestic market","P.31","2007","500","2001 GRD euro / euro","1993","Western calendar year","168569370810",""
"Greece","3.2","Individual consumption expenditure of households","Plus: Direct purchases abroad by residents","","2007","1000","Euro","2008","Western calendar year","2485703138",""
"Greece","3.2","Individual consumption expenditure of households","Plus: Direct purchases abroad by residents","","2007","600","2001 GRD euro / euro","1993","Western calendar year","2485703138",""
"Greece","3.2","Individual consumption expenditure of households","Plus: Direct purchases abroad by residents","","2007","500","2001 GRD euro / euro","1993","Western calendar year","2485600000",""
"Greece","3.2","Individual consumption expenditure of households","Less: Direct purchases in domestic market by non-residents","","2007","1000","Euro","2008","Western calendar year","11319290038",""
"Greece","3.2","Individual consumption expenditure of households","Less: Direct purchases in domestic market by non-residents","","2007","600","2001 GRD euro / euro","1993","Western calendar year","11319287527",""
"Greece","3.2","Individual consumption expenditure of households","Less: Direct purchases in domestic market by non-residents","","2007","500","2001 GRD euro / euro","1993","Western calendar year","11319200000",""
"Greece","3.2","Individual consumption expenditure of households","Equals: Household final consumption expenditure","P.31","2007","1000","Euro","2008","Western calendar year","147078587642",""
"Greece","3.2","Individual consumption expenditure of households","Equals: Household final consumption expenditure","P.31","2007","600","2001 GRD euro / euro","1993","Western calendar year","151976420567",""
"Greece","3.2","Individual consumption expenditure of households","Equals: Household final consumption expenditure","P.31","2007","500","2001 GRD euro / euro","1993","Western calendar year","159735789182",""
"Greece","3.2","Individual consumption expenditure of non-profit institutions serving households (NPISHs)","Equals: NPISHs final consumption expenditure","P.31/13","2007","1000","Euro","2008","Western calendar year","3783025454",""
"Greece","3.2","Individual consumption expenditure of non-profit institutions serving households (NPISHs)","Equals: NPISHs final consumption expenditure","P.31/13","2007","600","2001 GRD euro / euro","1993","Western calendar year","3313234757",""
"Greece","3.2","Individual consumption expenditure of non-profit institutions serving households (NPISHs)","Equals: NPISHs final consumption expenditure","P.31/13","2007","500","2001 GRD euro / euro","1993","Western calendar year","2966259602",""
"Greece","3.2","Individual consumption expenditure of general government","Equals: Individual consumption expenditure of general government","P.31/14","2007","1000","Euro","2008","Western calendar year","23637590130",""
"Greece","3.2","Individual consumption expenditure of general government","Equals: Individual consumption expenditure of general government","P.31/14","2007","600","2001 GRD euro / euro","1993","Western calendar year","15970000000",""
"Greece","3.2","Individual consumption expenditure of general government","Equals: Individual consumption expenditure of general government","P.31/14","2007","500","2001 GRD euro / euro","1993","Western calendar year","16309000000",""
"Greece","3.2","","Equals: Total actual individual consumption","P.41","2007","1000","Euro","2008","Western calendar year","174499203226",""
"Greece","3.2","","Equals: Total actual individual consumption","P.41","2007","600","2001 GRD euro / euro","1993","Western calendar year","171259655325",""
"Greece","3.2","","Equals: Total actual individual consumption","P.41","2007","500","2001 GRD euro / euro","1993","Western calendar year","179011048785",""
"Greece","3.2","Individual consumption expenditure of households","Food and non-alcoholic beverages","01","2006","1000","Euro","2008","Western calendar year","21953543015",""
"Greece","3.2","Individual consumption expenditure of households","Food and non-alcoholic beverages","01","2006","600","2001 GRD euro / euro","1993","Western calendar year","22518676059",""
"Greece","3.2","Individual consumption expenditure of households","Food and non-alcoholic beverages","01","2006","500","2001 GRD euro / euro","1993","Western calendar year","26070626661",""
"Greece","3.2","Individual consumption expenditure of households","Alcoholic beverages, tobacco and narcotics","02","2006","1000","Euro","2008","Western calendar year","5629653815",""
"Greece","3.2","Individual consumption expenditure of households","Alcoholic beverages, tobacco and narcotics","02","2006","600","2001 GRD euro / euro","1993","Western calendar year","5774573630",""
"Greece","3.2","Individual consumption expenditure of households","Alcoholic beverages, tobacco and narcotics","02","2006","500","2001 GRD euro / euro","1993","Western calendar year","6700385995",""
"Greece","3.2","Individual consumption expenditure of households","Clothing and footwear","03","2006","1000","Euro","2008","Western calendar year","7415218249",""
"Greece","3.2","Individual consumption expenditure of households","Clothing and footwear","03","2006","600","2001 GRD euro / euro","1993","Western calendar year","7928090007",""
"Greece","3.2","Individual consumption expenditure of households","Clothing and footwear","03","2006","500","2001 GRD euro / euro","1993","Western calendar year","10553590997",""
"Greece","3.2","Individual consumption expenditure of households","Housing, water, electricity, gas and other fuels","04","2006","1000","Euro","2008","Western calendar year","25575735804",""
"Greece","3.2","Individual consumption expenditure of households","Housing, water, electricity, gas and other fuels","04","2006","600","2001 GRD euro / euro","1993","Western calendar year","28578704523",""
"Greece","3.2","Individual consumption expenditure of households","Housing, water, electricity, gas and other fuels","04","2006","500","2001 GRD euro / euro","1993","Western calendar year","26917443392",""
"Greece","3.2","Individual consumption expenditure of households","Furnishings, household equipment and routine maintenance of the house","05","2006","1000","Euro","2008","Western calendar year","7694413748",""
"Greece","3.2","Individual consumption expenditure of households","Furnishings, household equipment and routine maintenance of the house","05","2006","600","2001 GRD euro / euro","1993","Western calendar year","7431282388",""
"Greece","3.2","Individual consumption expenditure of households","Furnishings, household equipment and routine maintenance of the house","05","2006","500","2001 GRD euro / euro","1993","Western calendar year","8944723810",""
"Greece","3.2","Individual consumption expenditure of households","Health","06","2006","1000","Euro","2008","Western calendar year","7718555333",""
"Greece","3.2","Individual consumption expenditure of households","Health","06","2006","600","2001 GRD euro / euro","1993","Western calendar year","8980400050",""
"Greece","3.2","Individual consumption expenditure of households","Health","06","2006","500","2001 GRD euro / euro","1993","Western calendar year","8469615451",""
"Greece","3.2","Individual consumption expenditure of households","Transport","07","2006","1000","Euro","2008","Western calendar year","21848235010",""
"Greece","3.2","Individual consumption expenditure of households","Transport","07","2006","600","2001 GRD euro / euro","1993","Western calendar year","21090445278",""
"Greece","3.2","Individual consumption expenditure of households","Transport","07","2006","500","2001 GRD euro / euro","1993","Western calendar year","17620863873",""
"Greece","3.2","Individual consumption expenditure of households","Communication","08","2006","1000","Euro","2008","Western calendar year","5343043296",""
"Greece","3.2","Individual consumption expenditure of households","Communication","08","2006","600","2001 GRD euro / euro","1993","Western calendar year","5540451030",""
"Greece","3.2","Individual consumption expenditure of households","Communication","08","2006","500","2001 GRD euro / euro","1993","Western calendar year","1982172269",""
"Greece","3.2","Individual consumption expenditure of households","Recreation and culture","09","2006","1000","Euro","2008","Western calendar year","6943019801",""
"Greece","3.2","Individual consumption expenditure of households","Recreation and culture","09","2006","600","2001 GRD euro / euro","1993","Western calendar year","8632590558",""
"Greece","3.2","Individual consumption expenditure of households","Recreation and culture","09","2006","500","2001 GRD euro / euro","1993","Western calendar year","11579301942",""
"Greece","3.2","Individual consumption expenditure of households","Education","10","2006","1000","Euro","2008","Western calendar year","3453889176",""
"Greece","3.2","Individual consumption expenditure of households","Education","10","2006","600","2001 GRD euro / euro","1993","Western calendar year","3261441082",""
"Greece","3.2","Individual consumption expenditure of households","Education","10","2006","500","2001 GRD euro / euro","1993","Western calendar year","4717842353",""
"Greece","3.2","Individual consumption expenditure of households","Restaurants and hotels","11","2006","1000","Euro","2008","Western calendar year","19969700906",""
"Greece","3.2","Individual consumption expenditure of households","Restaurants and hotels","11","2006","600","2001 GRD euro / euro","1993","Western calendar year","19409906871",""
"Greece","3.2","Individual consumption expenditure of households","Restaurants and hotels","11","2006","500","2001 GRD euro / euro","1993","Western calendar year","22710036603",""
"Greece","3.2","Individual consumption expenditure of households","Miscellaneous goods and services","12","2006","1000","Euro","2008","Western calendar year","11430369158",""
"Greece","3.2","Individual consumption expenditure of households","Miscellaneous goods and services","12","2006","600","2001 GRD euro / euro","1993","Western calendar year","11967402463",""
"Greece","3.2","Individual consumption expenditure of households","Miscellaneous goods and services","12","2006","500","2001 GRD euro / euro","1993","Western calendar year","12920670057",""
"Greece","3.2","Individual consumption expenditure of households","Equals: Household final consumption expenditure in domestic market","P.31","2006","1000","Euro","2008","Western calendar year","144975377310",""
"Greece","3.2","Individual consumption expenditure of households","Equals: Household final consumption expenditure in domestic market","P.31","2006","600","2001 GRD euro / euro","1993","Western calendar year","151113963939",""
"Greece","3.2","Individual consumption expenditure of households","Equals: Household final consumption expenditure in domestic market","P.31","2006","500","2001 GRD euro / euro","1993","Western calendar year","159187273404",""
"Greece","3.2","Individual consumption expenditure of households","Plus: Direct purchases abroad by residents","","2006","1000","Euro","2008","Western calendar year","2382720785",""
"Greece","3.2","Individual consumption expenditure of households","Plus: Direct purchases abroad by residents","","2006","600","2001 GRD euro / euro","1993","Western calendar year","2382720785",""
"Greece","3.2","Individual consumption expenditure of households","Plus: Direct purchases abroad by residents","","2006","500","2001 GRD euro / euro","1993","Western calendar year","2383000000",""
"Greece","3.2","Individual consumption expenditure of households","Less: Direct purchases in domestic market by non-residents","","2006","1000","Euro","2008","Western calendar year","11356692547",""
"Greece","3.2","Individual consumption expenditure of households","Less: Direct purchases in domestic market by non-residents","","2006","600","2001 GRD euro / euro","1993","Western calendar year","11356690000",""
"Greece","3.2","Individual consumption expenditure of households","Less: Direct purchases in domestic market by non-residents","","2006","500","2001 GRD euro / euro","1993","Western calendar year","11357000000",""
"Greece","3.2","Individual consumption expenditure of households","Equals: Household final consumption expenditure","P.31","2006","1000","Euro","2008","Western calendar year","136001405548",""
"Greece","3.2","Individual consumption expenditure of households","Equals: Household final consumption expenditure","P.31","2006","600","2001 GRD euro / euro","1993","Western calendar year","142140017156",""
"Greece","3.2","Individual consumption expenditure of households","Equals: Household final consumption expenditure","P.31","2006","500","2001 GRD euro / euro","1993","Western calendar year","150213379009",""
"Greece","3.2","Individual consumption expenditure of households","Equals: Household final consumption expenditure","P.31","2006","400","2001 GRD euro / euro","1993","Western calendar year","160677000000",""
"Greece","3.2","Individual consumption expenditure of non-profit institutions serving households (NPISHs)","Equals: NPISHs final consumption expenditure","P.31/13","2006","1000","Euro","2008","Western calendar year","3854472419",""
"Greece","3.2","Individual consumption expenditure of non-profit institutions serving households (NPISHs)","Equals: NPISHs final consumption expenditure","P.31/13","2006","600","2001 GRD euro / euro","1993","Western calendar year","3271795153",""
"Greece","3.2","Individual consumption expenditure of non-profit institutions serving households (NPISHs)","Equals: NPISHs final consumption expenditure","P.31/13","2006","500","2001 GRD euro / euro","1993","Western calendar year","2941928107",""
"Greece","3.2","Individual consumption expenditure of non-profit institutions serving households (NPISHs)","Equals: NPISHs final consumption expenditure","P.31/13","2006","400","2001 GRD euro / euro","1993","Western calendar year","6632399000",""
"Greece","3.2","Individual consumption expenditure of general government","Equals: Individual consumption expenditure of general government","P.31/14","2006","1000","Euro","2008","Western calendar year","21822050560",""
"Greece","3.2","Individual consumption expenditure of general government","Equals: Individual consumption expenditure of general government","P.31/14","2006","600","2001 GRD euro / euro","1993","Western calendar year","14194000000",""
"Greece","3.2","Individual consumption expenditure of general government","Equals: Individual consumption expenditure of general government","P.31/14","2006","500","2001 GRD euro / euro","1993","Western calendar year","14690000000",""
"Greece","3.2","Individual consumption expenditure of general government","Equals: Individual consumption expenditure of general government","P.31/14","2006","400","2001 GRD euro / euro","1993","Western calendar year","12869235000",""
"Greece","3.2","","Equals: Total actual individual consumption","P.41","2006","1000","Euro","2008","Western calendar year","161677928528",""
"Greece","3.2","","Equals: Total actual individual consumption","P.41","2006","600","2001 GRD euro / euro","1993","Western calendar year","159605812310",""
"Greece","3.2","","Equals: Total actual individual consumption","P.41","2006","500","2001 GRD euro / euro","1993","Western calendar year","167845307116",""
"Greece","3.2","","Equals: Total actual individual consumption","P.41","2006","400","2001 GRD euro / euro","1993","Western calendar year","180178634000",""

